date,foreign_net,foreign_net_cumsum
2025-05-07,16095,16095
2025-05-08,-2189,13906
2025-05-09,-4678,9228
2025-05-12,12730,21958
2025-05-13,2843,24801
2025-05-14,15775,40576
2025-05-15,-1030,39546
2025-05-16,-4256,35290
2025-05-19,-7558,27732
2025-05-20,300,28032
2025-05-21,6720,34752
2025-05-22,-12854,21898
2025-05-23,2716,24614
2025-05-26,7614,32228
2025-05-27,353,32581
2025-05-28,18579,51160
2025-05-29,16033,67193
2025-05-30,-15756,51437
2025-06-02,-7745,43692
2025-06-04,41891,85583
2025-06-05,7516,93099
2025-06-09,21462,114561
2025-06-10,460,115021
2025-06-11,3465,118486
2025-06-12,7475,125961
2025-06-13,-17940,108021
2025-06-16,-1125,106896
2025-06-17,-11909,94987
2025-06-18,9336,104323
2025-06-19,-4755,99568
2025-06-20,5535,105103
2025-06-23,-12043,93060
2025-06-24,25917,118977
2025-06-25,-709,118268
2025-06-26,-20176,98092
2025-06-27,-24973,73119
2025-06-30,-6621,66498
2025-07-01,33069,99567
2025-07-02,-16426,83141
2025-07-03,15426,98567
2025-07-04,-8270,90297
2025-07-07,-4199,86098
2025-07-08,40881,126979
2025-07-09,9730,136709
2025-07-10,7653,144362
2025-07-11,3293,147655
2025-07-14,5415,153070
2025-07-15,-872,152198
2025-07-16,-10766,141432
2025-07-17,5158,146590
2025-07-18,7490,154080
2025-07-21,12564,166644
2025-07-22,-11184,155460
2025-07-23,1728,157188
2025-07-24,-2002,155186
2025-07-25,3799,158985
2025-07-28,7662,166647
2025-07-29,9422,176069
2025-07-30,9944,186013
2025-07-31,-854,185159
2025-08-01,-12057,173102
2025-08-04,13636,186738
2025-08-05,3172,189910
2025-08-06,13268,203178
2025-08-07,2796,205974
2025-08-08,5462,211436
2025-08-11,4134,215570
2025-08-12,1621,217191
2025-08-13,6301,223492
2025-08-14,4609,228101
2025-08-18,-2121,225980
2025-08-19,-1526,224454
2025-08-20,-3079,221375
2025-08-21,6594,227969
2025-08-22,724,228693
2025-08-25,3361,232054
2025-08-26,-18153,213901
2025-08-27,-7670,206231
2025-08-28,-594,205637
2025-08-29,-13955,191682
2025-09-01,-5817,185865
2025-09-02,-596,185269
2025-09-03,5133,190402
2025-09-04,7920,198322
2025-09-05,-5133,193189
2025-09-08,7896,201085
2025-09-09,2443,203528
2025-09-10,23574,227102
2025-09-11,4322,231424
2025-09-12,18074,249498
2025-09-15,6074,255572
2025-09-16,13082,268654
2025-09-17,-1292,267362
2025-09-18,6376,273738
2025-09-19,-8574,265164
2025-09-22,14991,280155
2025-09-23,2111,282266
2025-09-24,-4599,277667
2025-09-25,589,278256
2025-09-26,-6101,272155
2025-09-29,8954,281109
2025-09-30,-3298,277811
2025-10-01,1544,279355
2025-10-02,44749,324104
2025-10-10,15125,339229
2025-10-13,3150,342379
2025-10-14,1903,344282
2025-10-15,17281,361563
2025-10-16,7497,369060
2025-10-17,1251,370311
2025-10-20,5871,376182
2025-10-21,-432,375750
2025-10-22,850,376600
2025-10-23,-4702,371898
2025-10-24,8784,380682
2025-10-27,20385,401067
2025-10-28,-10032,391035
2025-10-29,-9039,381996
2025-10-30,-14046,367950
2025-10-31,11618,379568
2025-11-03,-6239,373329
2025-11-04,-3999,369330
2025-11-05,-19034,350296
2025-11-06,-4772,345524
2025-11-07,-8114,337410
2025-11-10,22669,360079
2025-11-11,3905,363984
2025-11-12,16412,380396
2025-11-13,5200,385596
2025-11-14,-23754,361842
2025-11-17,-3890,357952
2025-11-18,-13210,344742
2025-11-19,-5323,339419
2025-11-20,23869,363288
2025-11-21,-22457,340831
2025-11-24,-9550,331281
2025-11-25,-3796,327485
2025-11-26,22918,350403
2025-11-27,4341,354744
2025-11-28,-1445,353299
2025-12-01,-462,352837
2025-12-02,25822,378659
2025-12-03,3842,382501
2025-12-04,-11250,371251
2025-12-05,16578,387829
2025-12-08,-5114,382715
2025-12-09,-937,381778
2025-12-10,-30,381748
2025-12-11,23135,404883
2025-12-12,12976,417859
2025-12-15,-16328,401531
2025-12-16,-20025,381506
2025-12-17,-2992,378514
2025-12-18,-6948,371566
2025-12-19,5771,377337
2025-12-22,14956,392293
2025-12-23,1078,393371
2025-12-24,2003,395374
2025-12-26,-166,395208
2025-12-29,3538,398746
2025-12-30,-10443,388303
2026-01-02,3194,391497
2026-01-05,16988,408485
2026-01-06,-2553,405932
2026-01-07,-9876,396056
2026-01-08,-6192,389864
2026-01-09,-34,389830
2026-01-12,5998,395828
2026-01-13,-1609,394219
2026-01-14,3258,397477
2026-01-15,8880,406357
2026-01-16,17410,423767
2026-01-19,13659,437426
2026-01-20,31737,469163
2026-01-21,-19760,449403
2026-01-22,35422,484825
2026-01-23,19110,503935
2026-01-26,4557,508492
2026-01-27,-985,507507
2026-01-28,13507,521014
2026-01-29,28649,549663
2026-01-30,-20362,529301
2026-02-02,-25149,504152
2026-02-03,26449,530601
2026-02-04,29602,560203
2026-02-05,-39787,520416
2026-02-06,-25499,494917
2026-02-09,11919,506836
2026-02-10,32441,539277
2026-02-11,2210,541487
2026-02-12,18617,560104
2026-02-13,5624,565728
2026-02-19,15968,581696
2026-02-20,-36474,545222
2026-02-23,-18756,526466
2026-02-24,-16748,509718
2026-02-25,-26884,482834
2026-02-26,-34533,448301
2026-02-27,-28689,419612
2026-03-03,-1926,417686
2026-03-04,68480,486166
2026-03-05,10206,496372
2026-03-06,-23624,472748
2026-03-09,-22282,450466
2026-03-10,-9010,441456
2026-03-11,16676,458132
2026-03-12,-35605,422527
2026-03-13,-24648,397879
2026-03-16,-27125,370754
2026-03-17,-5649,365105
2026-03-18,26311,391416
2026-03-19,-29263,362153
2026-03-20,31961,394114
2026-03-23,-72509,321605
2026-03-24,-11643,309962
2026-03-25,7890,317852
2026-03-26,-26847,291005
2026-03-27,-14758,276247
2026-03-30,-21824,254423
2026-03-31,-27853,226570
2026-04-01,39911,266481
2026-04-02,-38113,228368
2026-04-03,24066,252434
2026-04-06,-8574,243860
2026-04-07,-7133,236727
2026-04-08,41673,278400
2026-04-09,3308,281708
2026-04-10,47576,329284
2026-04-13,-25809,303475
2026-04-14,-1069,302406
2026-04-15,16000,318406
2026-04-16,6639,325045
2026-04-17,-10580,314465
2026-04-20,-15767,298698
2026-04-21,681,299379
2026-04-22,451,299830
2026-04-23,-16645,283185
2026-04-24,9184,292369
2026-04-27,-5668,286701
2026-04-28,3874,290575
2026-04-29,-7610,282965
2026-04-30,-18199,264766
2026-05-04,5081,269847
2026-05-06,4797,274644
